{"initial_reset_timestamp": 1624742039.9425225, "timestamps": [1624742055.8267186, 1624742059.6744034, 1624742063.715835, 1624742067.5582893, 1624742071.3533533, 1624742075.2328494, 1624742081.017763, 1624742084.8757324, 1624742088.6389427, 1624742092.5121183], "episode_lengths": [158, 111, 117, 111, 110, 112, 169, 111, 109, 111], "episode_rewards": [-158.0, -111.0, -117.0, -111.0, -110.0, -112.0, -169.0, -111.0, -109.0, -111.0], "episode_types": ["t", "t", "t", "t", "t", "t", "t", "t", "t", "t"]}