{"initial_reset_timestamp": 1624541711.7161362, "timestamps": [1624541732.3617694, 1624541749.178169, 1624541765.9871724, 1624541782.7878172, 1624541799.6207387, 1624541816.4838781, 1624541833.975573, 1624541850.8077557, 1624541867.7804132, 1624541885.2715096], "episode_lengths": [500, 500, 500, 500, 500, 500, 500, 500, 500, 500], "episode_rewards": [500.0, 500.0, 500.0, 500.0, 500.0, 500.0, 500.0, 500.0, 500.0, 500.0], "episode_types": ["t", "t", "t", "t", "t", "t", "t", "t", "t", "t"]}